comparison,full_mean,full_sd,full_n,other_mean,other_sd,other_n,delta_mean,t_stat,df,cohen_d
full_vs_no_deltaM113,0.745429,0.020736,9,0.714123,0.018529,9,0.031306,3.3773,15.80,1.5921
full_vs_no_zdm,0.745429,0.020736,9,0.693148,0.019998,9,0.052281,5.4444,15.98,2.5665
full_vs_no_polyresonator,0.745429,0.020736,9,0.709041,0.024093,9,0.036387,3.4341,15.65,1.6188
full_vs_no_glyphnet,0.745429,0.020736,9,0.704579,0.023518,9,0.040850,3.9086,15.75,1.8425
