{
  "dataset1.txt": {
    "glyphnet": {
      "size": 80,
      "enc_ms": 0.07581710815429688,
      "dec_ms": 0.017881393432617188,
      "ok": true
    },
    "gzip": {
      "size": 69,
      "enc_ms": 0.034809112548828125,
      "dec_ms": 0.02193450927734375,
      "ok": true
    },
    "xz": {
      "size": 120,
      "enc_ms": 42.734384536743164,
      "dec_ms": 0.4265308380126953,
      "ok": true
    }
  },
  "dataset2.md": {
    "glyphnet": {
      "size": 112,
      "enc_ms": 0.10180473327636719,
      "dec_ms": 0.03933906555175781,
      "ok": true
    },
    "gzip": {
      "size": 93,
      "enc_ms": 0.037670135498046875,
      "dec_ms": 0.03790855407714844,
      "ok": true
    },
    "xz": {
      "size": 140,
      "enc_ms": 61.1424446105957,
      "dec_ms": 0.34117698669433594,
      "ok": true
    }
  },
  "dataset3.txt": {
    "glyphnet": {
      "size": 1008,
      "enc_ms": 0.07295608520507812,
      "dec_ms": 0.03457069396972656,
      "ok": true
    },
    "gzip": {
      "size": 764,
      "enc_ms": 0.04506111145019531,
      "dec_ms": 0.029325485229492188,
      "ok": true
    },
    "xz": {
      "size": 860,
      "enc_ms": 64.78381156921387,
      "dec_ms": 0.3597736358642578,
      "ok": true
    }
  }
}