{
  "success": {
    "baseline": {
      "mean": 0.5555555555555556,
      "sd": 0.5270462766947299,
      "n": 9
    },
    "injected": {
      "mean": 0.6666666666666666,
      "sd": 0.5,
      "n": 9
    },
    "delta": 0.11111111111111105,
    "t": 0.4588314677411233,
    "df": 15.955801104972373,
    "cohen_d": 0.2162952281743499
  },
  "length": {
    "baseline": {
      "mean": 149.22222222222223,
      "sd": 24.07684456992744,
      "n": 9
    },
    "injected": {
      "mean": 187.22222222222223,
      "sd": 21.81042054717067,
      "n": 9
    },
    "delta": 38.0,
    "t": 3.5091230110949145,
    "df": 15.846126173803928,
    "cohen_d": 1.6542164514419802
  },
  "structure_score": {
    "baseline": {
      "mean": 2.2222222222222223,
      "sd": 1.3017082793177759,
      "n": 9
    },
    "injected": {
      "mean": 3.6666666666666665,
      "sd": 1.1180339887498947,
      "n": 9
    },
    "delta": 1.4444444444444442,
    "t": 2.525343242128886,
    "df": 15.643578141315697,
    "cohen_d": 1.190458220888638
  },
  "compliance_flags": {
    "baseline": {
      "mean": 0.2222222222222222,
      "sd": 0.44095855184409843,
      "n": 9
    },
    "injected": {
      "mean": 0.1111111111111111,
      "sd": 0.3333333333333333,
      "n": 9
    },
    "delta": -0.1111111111111111,
    "t": -0.6030226891555273,
    "df": 14.892307692307693,
    "cohen_d": -0.28426762180748055
  }
}