{
  "overall": {
    "total": 18,
    "ok": 17,
    "rate": 0.9444444444444444
  },
  "agents": {
    "A": {
      "total": 6,
      "ok": 6,
      "rate": 1.0
    },
    "B": {
      "total": 6,
      "ok": 6,
      "rate": 1.0
    },
    "C": {
      "total": 6,
      "ok": 5,
      "rate": 0.8333333333333334
    }
  }
}